repo_id,actor_id,Core_Contributors
13803,7607,1
20724,301415,1
100181,50139,1
115984,6831,1
117358,23773,1
197672,20201,1
222298,691989,1
229738,129097,2
238492,11377,1
247909,72053,1
254354,56633,1
302322,179734,2
345280,823545,1
378405,155328,2
447184,1524496,1
487828,189618,1
487836,189618,1
487849,189133,2
505964,8633,1
538746,7,1
615096,153279,3
688366,1341245,2
747311,367618,1
756568,367618,2
756841,367618,1
779156,367618,1
790019,903479,1
833839,293691,1
860274,367618,2
862712,365243,2
981363,266668,1
1071734,41809,1
1099265,486017,2
1204412,541725,2
1210728,37817,1
1223928,102631,1
1226561,330036,1
1241677,480938,1
1280180,102631,1
1284106,666646,1
1323458,56633,1
1330465,152014,1
1331548,1993227,1
1340076,271307,1
1359705,1615,1
1369553,457965,1
1369985,662084,1
1370308,183255,1
1380117,1143966,2
1385122,199813,1
1447887,65053,2
1514290,466764,1
1550525,701326,2
1617331,198015,1
1728382,779307,2
1755571,21826,1
1803961,227303,2
1930144,253109,1
1963492,53352,3
1969632,541725,1
1989449,778342,1
2080922,13516,3
2109786,940748,1
2123336,941526,1
2123340,941526,1
2126244,419884,3
2138392,613568,1
2202183,55977,1
2293158,1170909,1
2361853,134294,3
2363776,123110,1
2365549,5184102,2
2387049,367618,1
2387146,367618,1
2393766,1106,1
2465723,413544,2
2541322,368057,2
2558636,1987659,2
2719509,40799,3
2735237,220012,1
2830848,1213591,1
2833260,1192813,1
2840960,79638,3
2847947,111044,2
2855437,458548,1
2903810,173656,1
2918806,931928,1
2941890,372245,1
2945543,325476,1
2968000,950127,1
2990192,512439,1
3016562,1275021,3
3038446,1645989,1
3114881,1307216,1
3130735,1313183,1
3186197,1128659,2
3213293,129097,2
3224481,1694,2
3234987,6364323,1
3234987,6563111,1
3253872,1129144,1
3286219,1220927,1
3287301,1386314,1
3295344,1129144,1
3295353,1129144,1
3343348,172588,1
3414627,1255375,1
3431193,993322,1
3472786,167236,2
3483205,515947,1
3510804,3650485,1
3540121,405446,1
3542444,405446,1
3557653,950127,1
3574573,45143,1
3597853,1332500,1
3633660,2676867,1
3652623,370793,2
3662553,1093207,1
3671342,710117,1
3712825,101480,1
3744109,405446,1
3752513,420995,2
3768025,1554150,2
3814316,1246453,1
3893791,567506,1
3918508,2874694,1
3925157,814772,1
3925242,814772,2
3932498,646253,2
3989388,6182224,2
4033349,1565825,1
4044891,250144,1
4135420,1676522,1
4158448,2066790,1
4198124,831867,1
4237868,379151,1
4302743,20201,1
4307256,1658412,1
4416959,1341245,1
4534921,5095603,1
4537725,5095603,2
4537830,5095603,2
4542716,1148549,2
4693675,959622,1
4708471,485776,1
4787650,193106,2
4816474,2162179,2
4822601,1013655,1
4924151,1290832,2
4967600,1802542,2
5025610,62953,1
5051083,171040,1
5054494,367618,2
5089162,1987779,1
5152285,66577,9
5188983,484068,1
5299477,362745,1
5363116,1848287,1
5383214,1129144,1
5384390,748069,1
5438867,583593,1
5440447,179131,1
5575106,994093,2
5629592,855478,1
5633375,2848,1
5634276,115237,1
5699974,14994,1
5712116,566958,1
5714914,601488,1
5735961,33626,1
5924985,315097,1
5954894,1530016,5
6018009,78642,1
6031942,2033581,4
6039411,939254,1
6055237,1439776,1
6056031,334176,1
6058123,2033581,4
6058151,2033581,4
6058234,2033581,30
6078190,8323759,1
6207723,334176,2
6285991,344777,1
6309879,657389,1
6410069,1205228,1
6437150,1400864,1
6439786,1125622,4
6439865,1125622,4
6444385,74928,1
6451846,1400864,1
6453341,2681312,1
6466760,3202,1
6485371,367618,1
6495082,2539292,5
6495465,2539292,1
6495698,2539292,1
6495874,2539292,1
6547443,511268,1
6568555,1226339,1
6623105,311382,1
6665452,2482253,1
6756500,367618,1
6756503,367618,2
6842649,422217,1
6943969,56633,2
6966619,1036677,1
7228380,2983685,3
7236335,568298,1
7270538,180542,1
7297634,2267126,1
7360528,2041564,1
7386799,83657,1
7396761,1227992,2
7408076,48235,2
7426399,480938,1
7447534,753424,1
7464079,1249764,1
7512484,831867,1
7512664,25510,1
7517166,1334853,1
7569904,164472,1
7588969,429529,8
7653178,131982,3
7672454,406832,1
7721013,87479,1
7812229,271275,1
7827081,2480948,1
7844340,4675662,2
7885934,1583730,1
7907581,296607,1
7930464,2829600,3
7948981,3073864,1
7968180,433997,1
7968428,433997,1
7968569,433997,1
8057761,932918,1
8058419,932918,1
8063255,932918,2
8067787,444263,1
8105769,234276,3
8122790,1221092,1
8144625,4162343,1
8208289,3596952,1
8255002,1495846,1
8367594,599638,1
8412497,1699455,1
8421109,3699256,1
8488437,1779595,5
8528208,25086,3
8588051,2760391,1
8694598,367618,1
8710498,2916945,1
8715146,17978,1
8733526,926454,1
8733622,87996,2
8766817,1467890,1
8869463,833997,1
8870570,52870,2
8883259,1888089,2
8930485,2094217,1
8973396,19875,1
9203569,1558033,1
9238689,1400864,1
9285950,3344856,1
9317463,4102215,1
9332135,1310872,1
9365475,30442,2
9384988,3640724,1
9399334,12637,3
9436196,1297923,1
9447707,30968,1
9457897,926454,7
9512747,1060921,1
9584741,363764,1
9585555,430345,1
9603429,1221423,2
9614450,142914,1
9693534,525838,1
9736099,484075,2
9749290,976922,1
9759448,1341245,1
9801943,111138,1
9974276,1908830,2
10005030,193937,1
10020253,310709,1
10021385,2287209,1
10033802,1944053,1
10038467,367618,3
10039899,367618,2
10040198,367618,7
10040379,9373002,1
10052229,7376266,1
10095561,4444926,1
10126031,888940,1
10218080,1620614,1
10257627,1198183,2
10314483,4447136,1
10317502,743306,1
10349104,2793688,1
10415898,2180540,2
10415964,4583857,1
10416648,480938,1
10435975,129196,4
10442886,9798612,1
10442936,9798612,1
10442970,9798612,1
10442975,9798612,1
10442976,9798612,1
10442977,9798612,1
10446270,1317792,1
10446275,1317792,2
10467655,44939,3
10489159,15566,1
10490362,1593287,1
10491111,4551878,1
10534723,3580589,1
10589177,4656219,1
10591288,2626481,1
10592993,2285387,1
10594039,1872498,1
10608253,3904767,1
10611388,15566,2
10653604,1396878,1
10670501,1736496,1
10672637,416575,1
10727057,310709,1
10794423,27622,1
10838237,167995,1
10866521,726536,2
10958379,809314,1
10961863,1503976,1
10987603,2696019,1
11035035,4761614,1
11099534,2539292,2
11112364,3039119,1
11134801,1106706,1
11155663,2784192,1
11164718,4829,1
11317725,1310570,1
11436474,4036492,2
11515805,2293544,1
11516694,54995,1
11542384,5051717,1
11549335,1517008,1
11549335,1865016,1
11616657,4758600,1
11671912,1235441,3
11672686,367618,1
11673915,367618,2
11728942,3960243,1
11771697,3650755,1
11802466,2725611,1
11877133,3960243,1
11877982,3931155,2
11879934,1799239,2
11967309,4249557,1
12040130,4970,1
12093443,1411723,1
12146969,4088016,3
12306307,2725611,1
12340319,88622,1
12385273,5314189,1
12411764,1098900,2
12428376,3939417,1
12435095,2790604,1
12544475,8289,1
12551129,682819,3
12634704,254985,1
12679353,2909926,1
12700499,5422863,1
12711013,577668,1
12741028,2725611,2
12745236,5432054,4
12798028,1305774,2
12840543,1924215,1
12899667,1030961,1
12979789,671977,2
12983585,613568,2
12997400,115089,1
12997686,5523239,1
13015955,1924215,1
13027297,5514882,1
13102076,986997,1
13174854,551491,1
13186315,446833,4
13222817,6294337,2
13315305,5281068,1
13319158,1276678,1
13352640,3301915,1
13360824,380744,1
13431919,2101211,1
13433480,5975010,1
13499745,3759320,2
13509108,132412,3
13516504,2875946,1
13544898,59200,5
13573866,54470,1
13655949,896423,1
13662106,1831111,1
13666531,978899,1
13668558,120314,1
13674303,4758096,1
13690115,5721615,1
13793762,2242,1
13794677,931421,1
13817352,3511432,1
13818463,5848566,1
13845370,5769356,1
13851456,324887,1
13893582,70335,1
13913264,506010,3
13918292,31295,1
14002592,1589480,1
14058345,146040,1
14058646,1026013,1
14079522,980367,1
14090992,945446,1
14148013,367618,1
14201058,3960243,1
14234456,1632746,1
14244921,5571990,2
14258404,941829,1
14275631,2790604,2
14279740,114509,2
14284550,5897669,1
14286367,265886,1
14289657,226585,1
14312560,734339,1
14313288,5814217,1
14427510,1672874,1
14438995,3143487,1
14473933,161548,1
14546116,2657901,1
14552429,9084685,3
14601190,173661,2
14629304,2725611,1
14699527,6035184,1
14734876,1144306,4
14739084,517210,1
14829187,87915,1
14845307,6042782,1
14849761,918857,1
14871077,518231,1
14879832,1182407,1
14895592,963093,1
14915760,1626426,1
14942891,6110330,1
14991487,87915,4
15001035,17292,2
15009067,4942502,1
15032076,1924134,1
15032738,1256464,2
15034137,1888089,2
15035998,1248972,1
15036238,1648240,1
15063820,5787953,1
15080619,6042782,2
15100395,6158630,12
15119415,1014189,1
15177111,3960243,1
15177709,65952,1
15193430,99704,1
15237233,3124431,1
15382280,1215760,1
15441866,3960243,1
15461243,3489773,4
15477991,1400864,2
15486567,952321,1
15488440,5344121,6
15519902,4161517,1
15526570,1317792,3
15532080,2188638,1
15558946,277116,1
15572464,556505,3
15576121,74345,1
15589258,4594970,1
15656147,2347227,1
15666435,2666691,1
15713116,2725611,1
15714889,447792,3
15718405,373823,4
15748552,770578,1
15760311,6357013,1
15790644,1468831,8
15808686,6372067,1
15838380,6378485,1
15857755,550895,1
15902335,1334122,1
15908247,4615644,1
15919430,6404175,1
15923027,5386917,2
15943682,1868186,1
15951934,763917,1
15984451,67641,1
16009240,5155966,1
16018083,2956634,1
16036505,1743446,1
16051158,335406,1
16059597,6189538,1
16061165,1312081,2
16081882,251272,1
16091467,210312,2
16116287,4119931,1
16129958,1619869,5
16159065,6477435,1
16188576,3094277,2
16249702,6023672,1
16266082,323199,1
16285002,591886,1
16301255,4733312,1
16323555,8922660,1
16332631,296607,1
16334926,201997,1
16350266,2725611,1
16418633,1378,1
16448230,414752,1
16473585,1261331,1
16525002,2166111,1
16529451,1703924,1
16531825,4764874,7
16554941,1807191,1
16572329,3174763,2
16607266,2069201,1
16722721,1810949,1
16819408,367618,1
16832741,482179,1
16833966,71317,3
16890159,5505674,1
16901435,6701030,1
16937043,5143070,1
16972230,42892,1
16994292,171072,4
17056902,2725611,1
17067597,173661,2
17069604,916259,3
17101123,2318343,1
17136520,922837,1
17147171,6654824,2
17152267,2710323,1
17152891,36719,1
17165658,1341245,4
17179173,49649,1
17190491,5104541,1
17234057,2501598,2
17236735,6757714,1
17268927,10023157,1
17299346,1816779,1
17313482,4062890,1
17371412,1553632,1
17375822,7120810,1
17423002,615121,3
17432357,6691262,1
17457530,4809376,3
17473666,698770,1
17480926,6851464,1
17529590,516677,1
17536276,493276,2
17580814,5975070,6
17617697,2434110,1
17640761,5922532,1
17672250,2698813,1
17682668,279572,1
17710592,1334295,1
17717497,3290873,2
17730345,947888,1
17730514,1646057,1
17739679,6724538,1
17764313,653722,2
17817709,5262037,1
17826716,20474,1
17852869,621477,1
17873870,5018213,2
17906147,1865016,2
17907002,1811701,1
17947764,1333491,1
17971324,814471,2
17985744,9018,1
17996456,1617038,1
18017865,6462673,1
18020014,1237191,1
18020914,5076731,1
18039094,3197761,1
18046167,5336190,1
18069451,3701374,2
18089434,1335855,1
18115347,1133652,4
18126008,6158630,12
18139110,4254876,1
18156369,3386273,2
18160176,7076322,1
18201810,1319679,2
18209555,617057,1
18266208,2552068,1
18267935,440405,2
18271108,720376,1
18275311,1054674,1
18326701,5601186,1
18327383,188758,1
18327496,5593699,1
18411746,1163757,1
18456300,7180276,1
18457766,855478,1
18470436,5281068,1
18472516,5894272,1
18478437,2506703,1
18493101,7876796,1
18495441,6248391,2
18532367,4130215,1
18552822,67737,1
18592954,2883270,1
18600949,278418,1
18603823,4540331,2
18620619,6895040,13
18663590,8132102,4
18694368,466764,1
18715057,28153,1
18719937,7252832,1
18747374,65952,2
18761819,5939461,1
18839749,775431,2
18900363,5713485,3
18904157,21826,1
18929235,1658058,1
18956585,4452260,1
19025999,3811636,2
19047649,7377949,1
19049758,1286742,1
19051665,5472995,2
19060965,550006,1
19073780,227042,1
19086266,945283,1
19108230,3823149,3
19122406,594059,3
19178105,6364195,5
19246063,5041473,1
19294491,1081963,1
19328708,604177,1
19352450,3793664,1
19353657,1517226,2
19386378,2091439,2
19415093,1484886,1
19473153,4444229,1
19508919,36392,1
19514776,5455031,4
19524156,2713846,2
19545865,2713846,1
19575934,24036,1
19625428,360595,1
19638168,7283765,1
19684176,7553153,1
19688633,685076,3
19712775,1728807,1
19718418,885356,1
19750688,3332580,1
19753490,149506,1
19756033,6027071,1
19782742,5138558,1
19783776,671018,1
19794517,5481657,1
19799491,53785,6
19821157,2049650,4
19833367,3811636,1
19842476,771345,2
19844101,554789,1
19853787,950866,1
19880102,99781,3
19892380,3752144,1
19897997,2731239,2
19899004,1403723,1
19914909,9798612,1
19916900,1158804,1
19940883,945577,1
19959218,6763379,1
19961042,6763379,2
19961044,6763379,1
19961056,6763379,1
19965701,5392427,1
19986748,100718,1
19993673,6763379,1
20005405,579357,1
20006178,7143311,1
20016880,1923870,2
20020926,7657566,1
20030571,7031175,1
20035058,900739,1
20035848,6193231,1
20041931,7662768,2
20044005,253202,1
20086003,2438869,5
20107959,6927151,1
20117626,21826,1
20122626,6965803,2
20136009,5642064,1
20157059,7694954,3
20170673,59884,1
20198782,5997696,1
20239329,7718668,1
20252671,273857,2
20266334,5661392,2
20266504,2031812,1
20268125,1373703,3
20281714,7086214,1
20284114,5498199,1
20291263,1856621,6
20319753,1045095,2
20341239,7328115,1
20345659,896423,1
20367998,6992972,1
20372057,1310872,2
20387866,2488333,2
20405743,2651446,1
20463939,1235097,1
20469468,4070158,1
20527117,3720783,3
20531173,6667377,1
20531755,6667377,1
20540592,1436727,1
20542797,4083697,1
20550978,7608189,1
20567458,3180534,2
20606216,25653,2
20632410,1012467,1
20634788,13717,1
20652730,7702743,2
20682452,44939,3
20753922,7866361,2
20770460,186612,3
20782655,5231841,1
20811526,654934,1
20822032,5050871,2
20835178,1059947,2
20837913,6893938,1
20871075,505681,1
20941068,1653619,2
21009348,537127,3
21054614,176815,6
21067831,1275914,1
21085682,4262197,1
21103899,6895034,3
21144145,157695,2
21175597,2224480,1
21182346,7979969,1
21183471,1176744,1
21256946,4779042,4
21263487,2226031,1
21285335,21826,1
21296590,8381268,1
21323691,115237,1
21329550,8019881,2
21329921,5943573,1
21368887,5424351,1
21376159,156601,1
21377779,8034059,2
21388511,1597820,1
21390245,1239679,3
21396295,3316756,5
21401072,8040427,1
21450767,5491618,1
21457582,8056798,1
21469993,123932,1
21480985,289202,1
21481110,280212,79
21522534,5344121,1
21528910,775727,1
21536118,8078764,2
21542754,5631503,1
21544147,539575,1
21549222,7728157,1
21585818,8077740,1
21596685,922012,1
21612734,1345314,1
21613986,5412049,1
21627244,113896,2
21640233,6418489,1
21642960,1550763,3
21661221,5739945,1
21667862,49209,1
21710732,4528105,1
21739906,8136241,1
21783823,8147971,1
21798503,1129910,1
21806584,8147927,1
21825710,338734,1
21833183,5211568,3
21833720,7727957,1
21853529,1130264,1
21868831,286694,1
21889774,7035156,1
21895280,1588244,2
21895733,4193054,1
21898975,2720896,3
21908402,1536935,1
21915008,6811910,1
21915008,7565298,1
21921396,793308,1
21927560,8162496,1
21929384,592109,1
21930526,592109,3
21943980,3432917,1
21957518,2378836,1
21964910,3152062,1
21987817,840120,3
21989579,1243435,1
21992247,1585362,4
21995378,2875833,3
22005660,880411,3
22011184,8197831,2
22025812,153493,2
22027821,8214096,1
22036106,332496,1
22058370,274358,3
22066165,6561166,8
22069872,4317587,1
22087319,42681,4
22088187,1574519,2
22098808,7802430,1
22212183,952007,1
22234733,2961036,9
22235943,1261574,2
22237229,4000880,1
22265220,5068150,2
22275454,1301018,1
22291919,117295,3
22319594,5393499,1
22320462,8285296,1
22366514,484370,1
22397633,8303419,1
22402868,398611,1
22435859,2711945,2
22456318,4580292,1
22475245,5519816,1
22484898,161631,4
22497156,305455,1
22520527,1022081,1
22535174,940272,1
22535845,6753,1
22542759,5215004,2
22556058,3465100,1
22573863,4078062,1
22574357,160684,1
22584262,3171473,1
22603212,3973466,1
22621117,7378879,1
22626620,160684,1
22632242,8359408,1
22637619,8361299,2
22677695,1211980,1
22696603,682097,2
22704261,641261,3
22712276,547450,1
22718672,1097481,2
22736886,495647,1
22741510,2145676,1
22760055,11417,2
22772289,6299681,1
22773766,4231743,2
22777322,8077771,1
22802488,163915,1
22803845,277474,2
22826684,2482253,1
22836855,7091080,1
22839509,1616639,1
22842736,926354,1
22857121,2482253,1
22857626,198507,1
22891701,8421271,5
22899943,398611,1
22906142,7662278,1
22925974,3960738,1
22939226,1210751,2
22942790,3044,1
22973515,8453732,1
22987680,458892,2
22988319,8289520,3
22998246,573194,1
23008502,7454972,8
23013760,6252780,1
23025348,1162160,2
23029657,2637399,1
23034563,4175278,1
23038334,10152875,4
23043434,8471860,2
23048534,370239,1
23049318,474794,1
23059575,109109,1
23076963,5659700,8
23079554,1734057,1
23116127,208054,1
23116127,4406333,1
23125090,1147484,1
23131813,50891,2
23141542,3144970,1
23149310,5730326,1
23158008,240835,1
23188313,376661,1
23215539,5779735,12
23223865,1760797,1
23230130,2145676,2
23243664,332496,1
23265919,7833300,1
23271328,6202476,1
23280929,3160169,1
23305313,932918,2
23331775,8550459,2
23350000,278727,1
23362570,4829,1
23362993,2001330,1
23363281,6287026,1
23370782,305268,1
23394077,1484485,1
23419436,7991256,1
23431546,544667,3
23478795,1750837,2
23478996,57142,1
23481399,6693717,1
23500192,3008744,2
23505879,1144306,1
23509495,1514700,1
23524503,1364019,1
23541166,5341072,2
23546042,434885,2
23549889,3003634,2
23551479,2489906,1
23557502,1100381,1
23564009,6822704,1
23571144,4077106,1
23572310,2311760,1
23581282,1613474,1
23587004,23465,1
23591183,6904406,1
23672808,43683,2
23675643,317994,1
23679117,3624,1
23681831,5206490,1
23682880,5123221,1
23682940,2256212,1
23696666,6241554,1
23717735,896423,2
23717735,1680823,2
23720414,353209,2
23728095,8675834,5
23735021,2189609,2
23775072,1967302,1
23778982,6193086,1
23779634,7907941,1
23804885,8697394,1
23808061,896423,1
23808489,19950,3
23810049,7517344,1
23811389,367618,1
23813546,8703251,1
23820660,4978902,1
23820834,5960057,2
23823448,6948926,1
23840216,5105060,1
23848067,3721430,1
23853939,10178301,2
23863224,6608916,2
23884996,1703710,1
23885494,6090555,1
23890761,744293,1
23892939,6564514,1
23894134,1558033,2
23894441,5152015,1
23901528,142006,1
23903780,7534496,2
23924537,6684315,1
23979538,3013275,1
23980261,2739530,1
23986338,6227836,1
23990498,3253730,1
24008091,8759066,2
24012813,234279,1
24016636,1450515,1
24016875,6957370,1
24030380,8770348,1
24037800,6763356,1
24070067,4883505,1
24071128,1205126,1
24076640,877530,2
24087301,7925013,1
24103115,1500580,1
24113646,34314,1
24117662,2626481,1
24147122,3495129,4
24155672,7576912,1
24212713,4054233,1
24237263,2321183,1
24247872,460371,1
24252921,4139576,2
24266969,8843757,1
24279169,277765,1
24293470,261601,2
24309280,1572011,1
24312909,3578461,1
24320625,6818498,1
24333601,6069593,1
24333720,5404873,2
24353303,1946173,4
24358947,5943136,5
24382269,8882603,2
24382788,486644,1
24384508,5149876,1
24388156,284414,2
24398157,22410,2
24404721,803768,1
24423073,5432054,1
24432107,3346926,1
24451324,2779282,3
24467642,615990,3
24546982,3780774,1
24548800,13122,1
24571362,1012917,1
24580216,740407,1
24589839,3299558,2
24602136,234489,2
24609481,8962953,1
24612415,1335366,2
24658917,7673145,1
24660814,8336555,1
24661448,7191,1
24664906,2101973,2
24695098,422057,1
24703196,9940752,2
24707210,7297775,1
24712923,2463785,1
24764697,115237,1
24770452,9011749,1
24785737,4692848,1
24790836,1569237,1
24793015,1686451,1
24800334,2963558,1
24806370,6018469,1
24814799,6363950,1
24818566,8628581,2
24829210,6047958,1
24850545,6965522,1
24877450,2192439,1
24911421,940916,1
24916708,1307829,2
24919423,4655105,1
24952737,7144417,1
24954215,4824042,1
24958959,8987245,1
24962727,1779473,1
24963888,216148,1
24967358,1671640,1
24968828,71051,3
24989901,1472352,2
24994748,156903,1
25000895,8278290,1
25004562,5345794,1
25042005,2992358,1
25046277,8931626,1
25057053,8901829,2
25086625,4718476,1
25096768,9157490,2
25106829,79728,1
25110710,3794984,2
25111641,6132327,1
25133708,8888709,1
25135859,7929451,2
25136026,9170316,1
25138592,510877,1
25138762,28673,1
25157970,4992985,1
25173910,9201970,29
25180058,9285724,3
25180795,5076191,1
25183290,8542195,1
25184298,3004602,1
25185119,713424,2
25189570,3964339,1
25221839,505681,1
25250498,1136739,2
25254705,5342037,1
25259522,9164578,2
25260459,305740,1
25269682,4296161,1
25273785,126935,1
25274128,2131591,1
25276289,57162,2
25281621,210312,4
25284691,1693164,1
25307615,518233,1
25332643,6197214,4
25334511,1174658,1
25339446,1249030,1
25345259,9956702,1
25370268,5323256,3
25383178,915424,1
25383874,5636101,2
25384787,265090,2
25392255,5728403,14
25392290,4175502,1
25400011,4188511,2
25400725,2006807,1
25404197,8005290,1
25406543,7430331,2
25412032,8865501,1
25415167,3310280,1
25416529,5418235,1
25440481,3770344,1
25449044,285960,1
25449161,436273,1
25450119,504299,1
25450714,3128407,1
25483811,6678077,1
25484806,3269485,1
25488846,2738701,1
25492179,9939059,3
25492727,8908145,1
25503840,1075736,1
25527315,3699256,1
25533998,185130,2
25584875,3187689,1
25601688,2830379,1
25607801,987656,1
25610435,8535292,2
25614169,148927,4
25614475,7937959,1
25627951,1457540,1
25645316,3474905,1
25658176,9375951,1
25659059,5623501,1
25692409,3602800,1
25711125,22108,1
25717388,4582543,1
25742340,1192813,1
25744696,6952185,2
25745457,9397471,1
25757665,4782682,2
25780987,247927,1
25789351,2553386,1
25796998,9409473,3
25797250,9409473,1
25803741,5114842,1
25811730,1121789,4
25830877,1384435,1
25830900,1384435,1
25836225,2429104,1
25837286,3331837,3
25844625,5503461,1
25849140,3597550,1
25877699,1330309,2
25889101,4568682,4
25890220,6737270,3
25890468,807483,1
25893970,1074877,2
25899992,7528580,1
25924523,512386,7
25940223,9452791,1
25941039,9452791,3
25943697,68174,1
25984335,9467640,1
25996056,9663797,1
25999714,440814,2
26002717,1074877,2
26031830,2487846,3
26037350,1264398,1
26039047,2626059,1
26040848,1423378,1
26043026,9494607,1
26045164,1298833,1
26047859,6129247,1
26051556,312301,2
26055842,5017593,1
26056009,1423378,1
26059030,8072898,2
26063060,7534496,5
26091732,3504981,1
26094346,7945170,1
26096589,2242,2
26097685,1908631,1
26125237,7003341,1
26125855,1935069,1
26138135,1608583,3
26140981,9540581,1
26142407,208955,1
26146564,406631,5
26158670,9587528,1
26162869,391350,2
26171734,7283378,1
26180933,1625941,1
26193401,833377,2
26194619,8484018,1
26194702,4634242,1
26197772,6392429,1
26226493,1134186,1
26234558,8228133,1
26234673,5195533,1
26250386,9425487,1
26258805,773327,1
26275432,5207538,1
26277603,8252039,1
26287211,4148545,1
26288440,8658234,1
26296140,351146,1
26301590,6035897,1
26326735,4953234,2
26336654,6946910,1
26338428,650357,1
26346969,6952202,3
26347900,6520476,2
26348700,6486742,1
26349489,392344,1
26354071,9623122,2
26354093,39936,1
26354680,6584350,2
26363171,8033682,2
26372861,1852283,1
26379343,6070540,1
26382386,3890972,6
26383989,8742215,1
26391646,899410,1
26392647,5581438,1
26393682,785941,1
26393800,4077106,1
26406021,4186413,3
26407499,50891,4
26416343,9246693,1
26452768,577668,2
26454971,1071302,5
26456499,3698908,1
26477497,1032160,2
26485421,4428419,1
26488782,9514534,1
26493366,1161435,8
26497946,511142,2
26499136,2175324,1
26502074,8070151,1
26503318,1225898,1
26510424,40180,1
26512969,3699494,1
26514050,2284720,1
26520893,890380,1
26532168,367618,1
26561827,6125159,2
26567815,3991445,1
26583093,406946,1
26594411,6200806,3
26597398,45583,2
26601298,7875323,1
26607117,9728079,2
26611092,8826164,1
26615683,3580589,1
26626725,484936,1
26643379,9716869,1
26645405,9402134,3
26648139,1217675,3
26648611,10202200,2
26650739,9857723,1
26657616,2615272,3
26659024,8572917,1
26661922,1200102,1
26665321,4530271,1
26668831,2375009,1
26688311,6517097,2
26690550,182589,1
26697962,5425005,1
26708360,7727148,5
26716312,904370,1
26718008,9214507,1
26720297,718899,1
26729159,1126864,1
26731106,689515,1
26731726,44707,5
26736070,5976354,1
26739042,241176,1
26758092,534911,3
26758410,534911,1
26760598,1781130,1
26785547,6890795,1
26808537,5389574,1
26815515,4335742,1
26820842,6132330,2
26821504,9825012,1
26823658,349701,1
26823843,1500290,1
26832375,9438863,1
26832780,9755468,2
26839356,614573,1
26843789,4804954,1
26845177,8442492,1
26845650,9837783,2
26846490,1279060,1
26847075,433707,12
26849135,1286529,1
26850114,725613,1
26863548,1423378,1
26875223,1424573,1
26879361,9135474,1
26879382,9135474,1
26879389,9135474,1
26879520,9135474,1
26879622,8078764,1
26879814,1853260,1
26885167,5905026,3
26890779,939501,2
26891487,9855524,1
26908976,3333139,1
26923752,675835,1
26944422,9339661,3
26945962,5619798,1
26978339,9452791,1
26980932,8013350,1
26987949,2677430,1
26993003,8442263,1
26995510,1334884,5
26998114,9135474,3
27003795,5346747,1
27007136,5023718,1
27007413,8148855,1
27008640,5114528,2
27011869,160338,1
27017012,6386297,1
27017271,3375973,1
27019565,7912701,1
27020670,8248318,1
27021189,1176337,2
27027721,42846,1
27032782,6394023,2
27038736,126802,1
27043454,7762231,1
27044282,4636406,1
27050398,7697146,1
27055032,6724367,2
27056061,4616229,1
27057487,193480,1
27058156,7000887,1
27059138,7336721,2
27059641,8683432,1
27064729,1518183,1
27093512,584009,7
27096824,6841829,3
27102916,622120,2
27103377,3627377,1
27105028,7594729,2
27106216,3739254,1
27108467,8650510,1
27114957,383994,1
27125072,972314,1
27126657,9947271,2
27141302,889804,1
27141908,732173,1
27144213,7094265,1
27144533,5065328,1
27145416,5490627,1
27146749,3758576,1
27146993,9000293,6
27149627,5349561,1
27150469,6520916,3
27157557,8656677,1
27171508,8078764,1
27176472,430267,2
27187895,6009785,1
27188826,1220886,2
27191539,597897,1
27192539,810348,1
27200127,602423,1
27200526,7441147,1
27200556,9925986,2
27211608,750319,1
27216319,1257913,1
27217005,2672306,1
27220218,6128538,1
27236732,3677334,1
27242935,6509618,6
27254593,3467784,3
27256236,6069593,1
27256517,6069593,1
27256636,6069593,1
27265481,1505137,2
27280919,9409473,1
27282606,4229405,1
27287395,3960243,1
27287679,3960243,1
27288264,1269896,1
27289261,512573,1
27291887,1225898,1
27310102,5720924,1
27314239,3503781,4
27315397,5661825,1
27317659,6536597,1
27320819,6598297,1
27322641,2955890,1
27332639,5049548,1
27344671,6016690,1
27349174,7587082,1
27355650,8683580,1
27356124,680525,2
27364941,2376591,1
27367962,5625263,2
27384581,1457425,1
27407975,8526819,1
27409568,1201934,1
27416733,711295,1
27418269,2624357,3
27423766,4178251,1
27432101,6436073,1
27440702,10049531,5
27447751,5635733,1
27456039,2762492,1
27456612,471685,1
27460855,10053946,1
27465200,9190378,1
27466442,3425571,1
27470715,3656079,1
27477541,8955320,1
27485887,58937,1
27492076,89142,1
27506269,6069593,1
27506388,6069593,1
27507850,7737874,2
27508020,6069593,1
27511719,378310,11
27514241,4055382,2
27524578,3188588,1
27546224,24908,1
27547938,447540,1
27550173,723113,1
27552091,7751315,5
27553648,249285,1
27563217,7218837,1
27569160,5231841,1
27572489,10082177,1
27575221,1371300,2
27577265,7694377,1
27580442,10043058,1
27589092,9959680,1
27590609,3024032,1
27590695,7421004,3
27609108,5473908,1
27614389,9852059,1
27618890,4380972,3
27619774,7897638,2
27626910,277474,3
27637169,1511745,2
27638086,184107,4
27649053,10100503,1
27650144,2401369,2
27654303,677436,1
27655686,6763356,1
27658285,6457128,1
27663620,1434793,2
27664020,2354218,1
27667544,7993112,1
27667613,10134418,2
27670426,8324294,1
27676237,1166237,1
27676866,7883556,1
27677770,287491,1
27681002,8930453,1
27685744,189129,2
27685956,9022181,1
27689914,6014442,3
27690718,389491,1
27690802,6565577,2
27692744,947143,1
27696068,9514130,1
27697181,952340,1
27712061,1765983,2
27720310,790500,1
27727002,1530418,1
27728934,5806135,2
27733828,153271,4
27733909,2788934,1
27734000,9442012,1
27736686,1806869,1
27741629,113440,1
27741629,3390890,1
27744948,2455515,1
27745813,21159,4
27746956,8824781,1
27769288,3960243,2
27775655,6670569,1
27779283,2823476,1
27788548,2788932,1
27802472,94045,1
27805488,6064868,1
27815771,52883,1
27822066,6955349,1
27822066,8378893,1
27823346,141224,1
27831948,3044,1
27833580,6217025,1
27834135,7778620,1
27839626,6381138,1
27839746,6548646,3
27840098,4421720,1
27842993,4064618,1
27844858,10144074,3
27845098,42920,1
27845488,5378975,1
27846248,8356935,1
27847923,10148684,2
27847939,5535320,1
27851384,5373010,1
27854815,8841623,1
27858779,5545980,1
27880728,2829600,2
27881011,2752994,1
27885085,3828361,1
27893582,3413206,1
27896707,6154548,2
27897523,10160580,1
27897584,9643090,3
27899381,1408578,1
27899581,4689,1
27899581,339422,1
27900443,5807972,13
27901520,6131442,1
27906179,10162432,1
27910085,877616,1
27911062,5652491,1
27916112,2224787,1
27922691,7090779,2
27930445,8069134,1
27930623,1769841,1
27932959,218840,1
27936894,10154533,2
27937573,5263928,1
27938821,9485547,1
27939521,5422053,2
27941457,7043070,1
27944635,1457567,2
27945902,8943887,1
27946558,9636201,3
27947092,414409,2
27947708,683439,1
27948576,4148384,1
27949680,3013175,1
27951593,3621988,2
27951829,841388,1
27952521,2192930,1
27953405,2718133,1
27954634,9664245,1
27960100,157520,1
27976213,10048286,2
27977882,9255825,1
27977933,136007,2
27978780,10262377,2
27979993,6325631,1
27980067,6325631,1
27985956,9805522,1
27989628,372027,1
27990251,9361180,1
27992132,5001959,2
27999884,8701582,1
28001465,798778,1
28001861,8726826,4
28002536,3067317,1
28003253,1465568,1
28004674,7718596,1
28006164,36808,1
28006225,5500712,6
28008578,1991633,1
28009724,1934809,1
28010340,1577382,2
28010520,249117,1
28012363,434239,3
28014200,5606771,2
28014718,4140656,1
28018423,7127935,1
28020316,677436,1
28020580,3521597,1
28022004,1399332,1
28022077,2075310,1
28022976,4768816,1
28029674,1075619,4
28032980,6081541,1
28033620,1571048,1
28040555,5672800,1
28043560,2956172,1
28048763,150855,1
28049722,1280779,1
28051911,6133025,1
28054735,6635401,1
28056637,9712369,1
28056661,8714716,2
28057928,4865705,1
28059485,5642064,1
28059809,2825606,1
28060045,3710230,1
28060257,251248,1
28063675,10202265,1
28064757,8966018,2
28065647,1138820,1
28068237,8950354,1
28070100,74571,2
28070716,7366091,1
28072019,512573,1
28075659,10203160,1
28076477,3965903,1
28077075,10205208,1
28077836,102580,1
28083399,1787100,2
28090675,4181161,5
28101516,1699192,1
28108871,6833282,1
28109544,3388704,2
28111766,62708,3
28112598,2837221,1
28116086,3475751,1
28117924,6478,1
28118339,8173478,2
28122442,10163916,1
28122991,8469211,1
28123202,7603502,1
28140616,74308,2
28149978,7817509,2
28152187,7787407,1
28153594,6570945,1
28153948,2525683,1
28154502,6968123,1
28157780,46323,1
28158260,4873274,1
28159277,171043,1
28159475,10093273,2
28159605,10226456,1
28160579,2453862,1
28166542,9792856,1
28168069,3323703,1
28168527,60228,1
28171448,8347069,1
28173897,7234013,1
28173900,157093,2
28178347,6742515,1
28186451,697548,1
28192167,1981539,5
28193372,8516048,1
28199681,5962998,1
28201380,709247,2
28201627,231118,1
28202866,1016379,2
28203701,1016379,2
28203862,3119506,1
28203975,491171,1
28206813,8382048,2
28207995,6549198,1
28208090,10238445,1
28209234,841388,2
28209294,4535554,1
28209925,6355587,1
28210970,10238833,1
28212737,10239381,1
28213857,6133706,2
28214445,6257970,2
28215322,9289714,1
28215391,718710,1
28215910,945228,1
28217013,6742515,1
28217706,1314371,1
28218494,49754,1
28229892,8658959,2
28230641,25653,1
28235730,3532307,3
28237285,10234718,1
28238714,9118791,1
28242145,6188386,2
28242839,5294486,3
28245960,7595454,1
28246827,10247477,1
28248830,7242323,1
28249752,3884744,1
28249865,9809323,1
28250120,3599988,2
28251230,8853764,1
28251352,4008177,3
28254077,429706,6
28254325,1237357,1
28254547,101082,1
28255312,5704704,1
28258232,3241245,1
28258658,3112493,1
28260983,2021709,1
28261227,8207120,2
28269859,9216786,2
28271647,8430611,1
28271697,8430611,1
28273107,2188479,4
28275582,7637494,1
28275735,4368270,1
28276886,692265,1
28277457,3134745,2
28278313,7241368,1
28279262,98444,1
28279752,8376281,1
28280392,6529689,3
28280752,7047496,1
28280787,7047496,1
28281419,8854341,2
28282710,6130227,1
28284009,2159316,2
28285123,8146180,1
28286311,8347069,2
28286640,8228133,1
28289272,6742515,1
28289664,1652699,2
28290209,8856719,1
28292014,195179,1
28292022,7866761,1
28292130,965430,2
28302097,1782831,1
28309288,36808,1
28311409,10237245,2
28313408,7384339,1
28313450,6808940,1
28313768,306380,1
28314241,1266210,1
28315501,3157196,1
28317311,8182370,1
28317581,6291044,1
28319466,471685,1
28320255,451360,1
28320317,9298431,1
28321956,8660957,3
28322495,3190888,1
28325104,5153370,1
28327047,9539839,1
28328967,920217,3
28331016,6209299,2
28333790,9339421,1
28334170,1326811,2
28335773,1459612,1
28336819,6069593,1
28341661,7384339,1
28343735,8753701,1
28350031,10239510,1
28354602,94045,1
28354666,7387879,2
28356459,3991313,1
28356801,7487345,1
28357187,10273496,6
28357443,7575914,1
28357820,7310102,1
28358863,5892594,2
28360533,582878,2
28362304,121935,1
28363453,2286826,1
28364831,284143,2
28365135,7235644,1
28367645,458272,1
28368289,1026154,2
28368826,814322,1
28368906,597300,2
28369706,7384339,1
28370114,236910,1
28370207,3949252,7
28370316,9192640,2
28370383,9518552,1
28373474,87436,5
28375589,2809946,1
28382883,377691,1
28383560,5394641,1
28384550,5952569,3
28387948,416977,3
28390447,927418,2
28391980,2278582,1
28402488,7809663,3
28404306,6574372,2
28405862,4674581,2
28406300,2874368,2
28410918,8378888,1
28412275,720514,1
28412516,7354158,2
28413548,4063576,1
28415488,8562199,3
28416782,3777877,4
28419735,984870,1
28420979,889215,1
28421758,965580,1
28422062,7267713,2
28422819,943342,1
28424407,7623979,1
28425663,768321,1
28426815,58937,1
28428078,8061991,3
28430461,5787388,1
28434357,443245,1
28435190,4367771,3
28436458,709448,1
28437213,7483224,2
28441264,5609090,1
28442158,8172495,1
28447424,1337867,1
28447564,688110,1
28448365,519433,1
28451238,3730605,3
28452544,3130093,1
28452652,54422,2
28453037,1107779,1
28456309,900934,1
28456975,1743252,1
28457115,34314,2
28459354,10199419,1
28460218,9038488,1
28460492,501082,1
28460593,339433,1
28461053,7938534,2
28463415,1477455,2
28464039,1916193,1
28464320,946641,1
28464320,8741669,1
28464320,10296544,1
28464320,10299268,1
28464657,3692062,1
28464834,9533150,1
28465891,1750941,1
28467587,578549,1
28467768,5206088,1
28468140,43589,1
28468274,4368690,1
28468923,684117,3
28469652,2922097,1
28470344,6154548,2
28470789,2922097,1
28471338,6563769,1
28471970,2193434,1
28472734,1372932,1
28473168,4464082,1
28474720,10068043,3
28477784,6607768,1
28478834,3493763,3
28478929,19714,1
28478944,8802564,1
28481110,2867549,1
28482774,3433835,2
28488098,9713942,1
28488367,9877114,1
28488449,4251928,1
28488471,5942963,1
28488854,2507877,1
28489657,5985936,1
28489784,8893238,1
28489979,5706175,1
28490006,6324595,2
28490432,106587,1
28491274,8263721,1
28491408,6069593,1
28491996,5457597,1
28492157,1653275,1
28492762,952533,6
28493611,661330,1
28493821,1576857,1
28493883,9409473,1
28494918,7908057,1
28495174,1245473,1
28495624,1710847,1
28496881,2505852,3
28498113,501642,1
28504409,1431805,1
28505561,965430,1
28507256,7082786,1
28507862,6500800,1
28507874,10178018,1
28508978,553936,1
28513164,412807,1
28516522,10310054,3
28517428,20232,1
28517950,76367,1
28518336,6046418,2
28518572,8359983,1
28519068,155953,1
28519238,781073,1
28519471,6393201,1
28519555,1243537,1
28519640,4118674,1
28520835,9221683,2
28521029,2428282,2
28521289,8096032,1
28521524,5403148,2
28521568,4919272,1
28523417,2062827,1
28523545,8451865,1
28523648,7127407,1
28523661,5775205,1
28524073,5140097,1
28524925,10195800,1
28525122,10254849,1
28527147,10286468,1
28527603,7970490,1
28527820,5355937,5
28529596,6894155,1
28530222,8185253,2
28530546,2936543,1
28530776,7043070,1
28530868,1319333,2
28531105,1220710,1
28531445,2559195,1
28531556,1457540,1
28533537,935297,1
28533774,343265,2
28534313,7541381,1
28534956,3750649,1
28535857,5102553,1
28535863,3804282,1
28536680,8362393,3
28537702,212015,2
28538344,10004698,1
28538540,7187705,1
28539450,3357284,2
28540040,10313856,4
28540549,821695,1
28540757,4019937,1
28542559,3498059,1
28542720,9220074,1
28542904,6600123,2
28543105,168476,4
28543683,178734,4
28544148,296116,4
28544274,5055234,1
28544426,7805013,1
28544771,293720,1
28544805,5614801,2
28545508,7110160,1
28546174,10333267,1
28546246,375,2
28546397,24109,1
28546446,8338057,2
28546548,10325861,1
28547116,150887,1
28547499,1218561,4
28547673,3758824,1
28548276,1291511,1
28548328,69068,1
28548728,453622,1
28549025,7132034,2
28549258,33626,1
28550096,5967583,1
28550133,5068410,1
28550435,1476820,2
28550492,5857237,1
28550560,8218853,2
28550937,10100667,1
28551416,8658585,1
28551492,342554,1
28551531,9933603,1
28552156,348094,1
28553113,1551369,1
28554078,1326811,1
28554957,901816,2
28554993,7070394,1
28555160,6497705,1
28555690,303951,2
28555893,986543,1
28556360,310709,1
28557787,8646562,1
28558018,543483,1
28560302,5655775,1
28562333,5101884,1
28562428,1170565,1
28563619,5655775,3
28564984,74169,1
28568091,10332341,1
28568553,9959680,1
28569531,753460,1
28570090,8838361,1
28570150,97443,2
28570305,10332868,2
28570910,1167760,2
28571137,4108654,1
28571145,6111474,1
28571158,2868935,1
28571212,4108654,3
28571384,819213,2
28571587,3965903,1
28572292,6833682,1
28572633,6851146,2
28572674,9656280,1
28573050,1631077,2
28573105,3858935,1
28573657,510877,3
28573895,1623882,1
28574340,884093,1
28574433,887316,1
28574862,375,1
28575671,7219734,1
28575703,2259834,1
28575999,6462673,1
28576167,3216657,1
28576514,10334573,1
28577652,8340922,1
28578059,3820621,1
28579201,2475251,1
28579677,1056314,1
28580097,628429,1
28580397,475255,1
28580409,580225,2
28581993,3187503,1
28582002,9360129,1
28582477,69591,2
28585822,3733972,1
28586081,10168430,1
28586913,10125388,5
28588953,8841623,1
28589085,10338450,3
28589622,6069593,1
28591826,5456349,2
28595187,510877,2
28595435,6064408,4
28595466,1398544,2
28596332,8059250,1
28598602,1585025,3
28598724,24870,1
28599608,7184355,1
28601664,5117472,1
28602442,4080058,1
28603059,1513475,1
28603543,2160337,1
28603757,1889828,1
28604764,4961713,1
28604834,1680823,1
28605092,7299909,1
28605427,827324,4
28606142,900775,1
28606532,192891,3
28606962,149467,1
28607644,5412915,1
28607843,10330539,4
28608274,1952789,3
28608373,287220,1
28609047,7850165,2
28609230,2646487,1
28609472,6126661,1
28609731,2916016,4
28609910,900775,1
28609998,8441896,1
28610133,779307,1
28610369,358202,4
28610415,2565176,1
28610523,58760,1
28610547,6738431,1
28610560,242598,3
28611069,10298641,2
28611446,9217361,1
28611597,8152847,1
28611597,10272033,1
28611719,1760003,1
28612055,2695982,1
28612080,3664587,1
28612522,7957761,1
28612714,9774032,1
28613203,6484805,9
28613211,6159923,1
28613611,5973601,1
28613718,688464,1
28613776,4284104,1
28614339,5835336,1
28615103,10345188,3
28615167,7526014,1
28615195,183147,1
28615868,2461323,1
28616049,9373566,1
28616088,6831,1
28616410,7471,2
28616861,7902778,1
28616939,10003977,1
28617601,10345366,1
28617774,8119338,2
28618969,960411,1
28619818,109715,1
28620032,127667,1
28620211,735008,2
28620299,3259988,8
28620312,6232704,2
28620734,10346381,2
28621069,10345916,1
28621174,8905372,2
28623192,10346440,2
28625031,2935303,1
28625840,212015,1
28625867,3964764,1
28625970,5563373,1
28631940,7133556,3
28631947,5921707,2
28632361,6897135,1
28632608,1685474,2
28633224,5138409,6
28633342,3103577,2
28633990,6064408,2
28634007,5131886,1
28634222,8350185,1
28634384,4521848,1
28634424,2797747,1
28635182,5124519,2
28635375,10350323,1
28635402,428886,5
28635513,120830,2
28635890,9152315,2
28635941,6243348,1
28636657,2465791,1
28637357,109874,1
28638965,10351190,1
28639200,2359092,5
28639483,9657371,1
28639871,2001342,1
28639904,8479239,1
28639950,3519911,1
28640290,1284993,3
28640662,4196261,9
28641135,3289214,1
28641703,9119326,1
28641769,5664640,1
28642034,2868935,1
28642465,1524481,2
28642665,9353400,1
28642721,2937573,1
28642919,7391433,1
28643047,3675092,1
28643264,3465892,1
28643363,6474188,1
28643519,1692862,2
28643777,1803556,1
28644168,2483249,1
28644255,67381,1
28644664,1170565,3
28644710,10352499,1
28644972,9785624,1
28644972,9788541,1
28645077,5772019,1
28645091,864992,1
28645199,8388026,1
28645692,956386,1
28645692,5331106,1
28645826,8924713,2
28645832,1895281,1
28646094,2590908,1
28646347,8305550,1
28646555,6298185,1
28646975,1377,2
28647002,5925024,1
28647308,476440,3
28647496,194215,2
28647528,7316337,5
28647685,501082,1
28647997,9775118,2
28648040,6069593,2
28648343,3359009,1
28648528,137,12
28648586,9220038,2
28648808,854429,2
28648815,6455098,2
28648852,4867510,5
28648883,1285287,1
28649126,597089,2
28649235,8906777,1
28649263,606236,1
28649440,10296651,1
28649464,226950,1
28649581,1349353,1
28649593,8432323,1
28649829,10350891,5
28650038,1684950,20
28650418,3124443,4
28650454,10343829,1
28650471,6790201,1
28650485,2319207,1
28650616,7308591,1
28650635,127889,1
28650641,2031163,1
28650841,2327556,1
28651176,9589705,3
28651298,6914584,1
28651298,8176195,1
28651421,6392429,2
28651515,8699738,1
28652857,10161858,2
28652876,940465,3
28653103,1550925,1
28653107,5769356,1
28653140,3376600,1
28653186,705947,1
28653200,887316,1
28653536,1165609,1
28653566,2819398,4
28653599,8548034,1
28653992,8302001,2
28654233,529580,1
28654239,10351997,7
28654260,1165609,1
28654334,344861,1
28654546,7796312,1
28654719,10345259,1
28654922,4081361,1
28655105,9584913,1
28655113,6324595,1
28655268,613736,1
28655609,5010245,1
28656308,5185561,1
28656501,856635,1
28656590,2010424,1
28656871,5136633,1
28657214,6734064,3
28657371,6911419,2
28657383,1115865,1
28657466,4660659,1
28657642,388637,2
28657737,10355660,2
28657751,1181205,18
28657936,4685384,1
28657952,10344742,3
28658120,7701591,1
28658682,10238797,3
28659201,8204683,1
28659820,7959361,2
28660389,490574,1
28660671,316014,1
28660708,1906512,2
28660912,8946755,1
28661023,302282,1
28661304,9480650,1
28661427,10337495,2
28662138,514438,4
28662515,1912217,2
28662798,655838,1
28663198,4668188,1
28663473,7279452,1
28663515,5472291,1
28664499,9946341,1
28664614,1060921,4
28664750,3123221,3
28665128,1442822,1
28665140,10009240,1
28665709,5830534,2
28665748,299901,1
28665759,299901,3
28665904,10274077,1
28666633,1017605,3
28666777,8682846,1
28666839,5724907,1
28666884,569071,2
28666898,7566337,2
28666900,4037377,2
28667121,3270119,1
28667487,45936,2
28667688,3887896,1
28667691,9205456,1
28667818,1270790,1
28667976,9135474,1
28667990,7533168,1
28668128,10172901,2
28668433,3698644,1
28669115,10352573,6
28669146,5597157,4
28669435,6214365,18
28670161,5438380,2
28670185,7227500,2
28670194,9901767,3
28670264,574123,3
28670488,254896,1
28670845,810348,5
28670957,369807,2
28671124,236741,4
28671165,1161671,2
28671192,422381,1
28671245,1265899,2
28671282,9041575,2
28671397,9119953,1
28671399,5247280,1
28671402,8404759,2
28671681,6923339,1
28671701,7992035,1
28671714,2880929,1
28671838,10359605,1
28671919,1786821,1
28672074,984183,3
28672105,572844,2
28672165,55057,2
28672207,1505706,1
28672247,13564,2
28672516,3685160,1
28672554,4371011,2
28672670,171319,1
28672989,6306058,1
28673012,9870500,1
28673271,10360207,6
28673392,108685,1
28673499,624632,2
28673695,2237012,1
28673700,2678007,2
28673837,1221156,3
28673850,2391288,1
28673858,5633782,1
28673871,28543,1
28673876,2310588,2
28673882,6294120,1
28673893,3913977,1
28673915,1971604,1
28673982,8648335,1
28674069,9040052,1
28674076,842721,2
28674110,10321375,1
28674120,1436383,1
28674151,8825007,1
28674164,5409172,1
28674177,944319,4
28674263,6744175,1
28674338,1323536,1
28674349,3490660,1
28674489,1725397,1
28674491,10355294,2
28674532,10354058,1
28674603,4326912,1
28674650,3173496,2
28674656,9941464,2
28674787,2074134,3
28674794,2580575,1
28674828,469257,1
28674886,10298389,1
28674894,33424,4
28674974,1030442,2
28674978,5190468,1
28675026,10211138,1
28675054,867447,1
28675057,685076,1
28675131,10262489,1
28675157,4552789,9
28675188,5385642,1
28675197,6042296,1
28675268,4297022,1
28675293,2448227,1
28675308,5943087,1
28675414,5510799,1
28675501,1297496,8
28675537,3803209,1
28675554,1255675,1
28675638,1745420,1
28675656,10180288,1
28675663,5047684,2
28675693,9106885,2
28675707,10359335,3
28675709,5903372,1
28675712,9761181,1
28675713,341094,1
28675866,8495531,3
28675900,737657,1
28675935,10032418,1
28676004,3004839,1
28676081,8632167,3
28676091,7377220,1
28676110,3729290,2
28676122,5607465,1
28676124,5714523,3
28676137,7938534,1
28676149,2566314,2
28676190,961966,3
28676214,1471504,1
28676222,5775632,1
28676236,1734660,1
28676296,623282,1
28676298,10361004,2
28676299,1175058,1
28676316,5497144,1
28676343,6687729,1
28676383,9946341,3
28676431,4343808,1
28676483,4316306,2
28676506,1449778,2
28676524,5464110,1
28676548,568036,1
28676566,7841618,3
28676583,738363,1
28676586,10161953,6
28676639,6722411,2
28676647,98647,1
28676656,1922921,1
28676685,10273677,1
28676704,10361104,5
28676762,459007,1
28676780,10360991,1
28676842,2209144,4
28676854,2112033,6
28676860,204340,1
28676895,8592372,1
28676936,445867,2
28676937,4411839,1
28676949,9452791,1
28676958,7810348,1
28677028,10353590,1
28677045,552590,1
28677070,9135474,1
28677072,597617,1
28677080,613667,1
28677084,6914329,2
28677098,14097,1
28677118,144854,1
28677119,5912301,1
28677119,7540669,1
28677149,8077673,2
28677160,549519,1
28677192,10356405,2
28677207,211517,1
28677217,31769,3
28677218,7486809,12
28677219,1376714,3
28677238,253237,2
28677261,746282,1
28677282,8339280,2
28677283,10336437,14
28677288,9730086,2
28677292,9164881,1
28677313,1280497,1
28677316,7540669,2
28677357,6644994,2
28677361,7334469,4
28677363,5912301,1
28677368,9688418,8
28677380,2624386,1
28677388,3653809,1
28677419,10335052,1
28677427,2015190,8
28677428,7110446,1
28677431,1797056,1
28677442,10361273,2
28677445,6571378,1
28677451,950127,1
28677452,3631807,2
28677457,7256509,1
28677459,2011002,1
28677460,7460581,1
28677465,10085204,4
28677471,6106568,1
28677478,5696529,1
28677480,290457,1
28677485,5292662,1
28677491,4605543,1
28677492,4443263,4
28677493,5219176,2
28677494,720122,1
28677503,5434641,2
28677504,1542825,2
28677509,10358342,1
28677510,2373357,3
28677511,971991,1
28677524,9450064,1
28677525,833072,1
28677526,6867251,2
28677532,210848,1
28677535,2925915,2
28677537,9135474,2
28677540,1661812,2
28677548,5292662,2
28677555,8453899,1
28677556,1192362,1
28677558,7216884,1
28677563,50891,9
28677565,2547757,1
28677568,1244159,2
28677573,7576912,2
28677574,5623501,5
28677575,4269377,1
28677577,5570713,3
28677579,10225575,1
28677582,1749930,3
28677587,10361315,5
28677588,1611120,1
28677591,8236771,1
28677593,7517989,1
28677594,621389,1
28677596,4058771,1
28677601,6807088,1
28677604,52883,1
28677612,3459800,4
28677613,1508735,1
28677614,5308996,3
28677622,1313960,1
28677630,10233291,1
28677636,4074018,1
28677638,922196,3
28677639,10085204,1
28677642,1138857,1
28677643,7013073,1
28677644,4193711,2
28677645,7757751,2
28677648,1033976,1
28677650,732415,1
28677651,10361338,1
28677653,3996823,1
28677656,5853482,1
28677660,9946466,1
28677661,5623501,6
28677664,2987505,1
28677666,9262607,1
28677674,10361312,1
28677677,4381102,1
28677679,10263666,4
28677680,7698292,4
28677683,319465,1
28677687,10255598,1
28677700,4529377,2
28677701,4573144,8
28677702,1322515,2
28677704,954353,1
28677709,1608521,1
28677711,9452791,18
28677714,101800,7
28677716,8930578,1
28677718,6155064,1
28677720,7999524,1
28677726,6155064,2
28677727,7006585,1
28677730,7505204,1
28677735,1432111,1
28677736,534911,1
28677737,746500,1
28677746,1066439,1
28677758,1734986,3
28677761,9729053,1
28677762,1219467,1
28677764,10361298,1
28677766,3471313,3
28677767,5082532,1
28677769,5664046,1
28677779,877616,1
28677785,3091808,1
28677789,10323669,1
28677793,5640055,1
28677796,1616101,3
28677797,6062588,1
28677803,252278,1
28677804,725148,1
28677820,6807088,1
28677829,6807088,1
28677831,5853482,4
28677835,3084087,2
28677838,7517989,1
28677839,4343808,3
28677844,10361183,1
28677863,8518239,1
28677864,3867941,1
28677867,116447,1
28677872,1447922,4
28677878,7811180,1
28677880,1018160,1
28677880,5261908,1
28677884,602423,1
28677895,916259,1
28677902,7308591,1
28677903,211395,1
28677909,1572895,2
28677920,36131,1
28677927,220183,4
28677931,7116269,1
28677933,5520281,2
28677936,949494,1
28677946,2637020,4
28677952,10148214,2
28677957,6062588,1
28677962,514438,1
28677966,1665772,1
28677976,1714830,2
28677980,3579287,1
28677988,762456,1
28677997,1967266,2
28678001,19422,1
28678021,9828988,1
28678022,6767374,2
28678024,1370064,2
28678025,4712930,1
28678026,9262607,1
28678041,1690225,1
28678046,3289698,1
28678067,5056166,1
28678075,1714486,1
28678105,5569910,1
28678107,10340256,1
28678120,1643346,2
28678122,54178,1
28678145,2287714,1
28678147,5881611,1
28678173,8819701,1
28678176,4153853,1
28678194,8518239,1
