repo_id,Total_number_of_contributors
13803,1
20724,1
100181,1
115984,1
117358,1
197672,1
222298,1
229738,2
238492,1
247909,1
254354,1
302322,2
345280,1
378405,2
447184,1
487828,1
487836,1
487849,2
505964,1
538746,1
615096,3
688366,2
747311,1
756568,2
756841,1
779156,1
790019,1
833839,1
860274,2
862712,2
981363,1
1071734,1
1099265,2
1204412,2
1210728,1
1223928,1
1226561,1
1241677,1
1280180,1
1284106,1
1323458,1
1330465,1
1331548,1
1340076,1
1359705,1
1369553,1
1369985,1
1370308,1
1380117,2
1385122,1
1447887,2
1514290,1
1550525,2
1617331,1
1728382,2
1755571,1
1803961,2
1930144,1
1963492,3
1969632,1
1989449,1
2080922,3
2109786,1
2123336,1
2123340,1
2126244,4
2138392,1
2202183,1
2293158,1
2361853,3
2363776,1
2365549,2
2387049,1
2387146,1
2393766,1
2465723,2
2541322,2
2558636,2
2719509,3
2735237,1
2830848,1
2833260,1
2840960,3
2847947,2
2855437,1
2903810,1
2918806,1
2941890,1
2945543,1
2968000,1
2990192,1
3016562,3
3038446,1
3114881,1
3130735,1
3186197,2
3213293,2
3224481,2
3234987,2
3253872,1
3286219,1
3287301,1
3295344,1
3295353,1
3343348,1
3414627,1
3431193,1
3472786,2
3483205,1
3510804,1
3540121,1
3542444,1
3557653,1
3574573,1
3597853,1
3633660,1
3652623,2
3662553,1
3671342,1
3712825,1
3744109,1
3752513,2
3768025,2
3814316,1
3893791,1
3918508,1
3925157,1
3925242,2
3932498,2
3989388,2
4033349,1
4044891,1
4135420,1
4158448,1
4198124,1
4237868,1
4302743,1
4307256,1
4416959,1
4534921,1
4537725,2
4537830,2
4542716,2
4693675,1
4708471,1
4787650,2
4816474,2
4822601,1
4924151,2
4967600,2
5025610,1
5051083,1
5054494,2
5089162,1
5152285,9
5188983,1
5299477,1
5363116,1
5383214,1
5384390,1
5438867,1
5440447,1
5575106,2
5629592,1
5633375,1
5634276,1
5699974,1
5712116,1
5714914,1
5735961,1
5924985,1
5954894,5
6018009,1
6031942,4
6039411,1
6055237,1
6056031,1
6058123,4
6058151,4
6058234,30
6078190,1
6207723,2
6285991,1
6309879,1
6410069,1
6437150,1
6439786,4
6439865,4
6444385,1
6451846,1
6453341,1
6466760,1
6485371,1
6495082,5
6495465,1
6495698,1
6495874,1
6547443,1
6568555,1
6623105,1
6665452,1
6756500,1
6756503,2
6842649,1
6943969,2
6966619,1
7228380,3
7236335,1
7270538,1
7297634,1
7360528,1
7386799,1
7396761,2
7408076,2
7426399,1
7447534,1
7464079,1
7512484,1
7512664,1
7517166,1
7569904,1
7588969,8
7653178,3
7672454,1
7721013,1
7812229,1
7827081,1
7844340,2
7885934,1
7907581,1
7930464,3
7948981,1
7968180,1
7968428,1
7968569,1
8057761,1
8058419,1
8063255,3
8067787,1
8105769,3
8122790,1
8144625,1
8208289,1
8255002,1
8367594,1
8412497,1
8421109,1
8488437,5
8528208,3
8588051,1
8694598,1
8710498,1
8715146,1
8733526,1
8733622,2
8766817,1
8869463,1
8870570,2
8883259,2
8930485,1
8973396,1
9203569,1
9238689,1
9285950,1
9317463,1
9332135,1
9365475,2
9384988,1
9399334,3
9436196,1
9447707,1
9457897,7
9512747,1
9584741,1
9585555,1
9603429,2
9614450,1
9693534,1
9736099,2
9749290,1
9759448,1
9801943,1
9974276,2
10005030,1
10020253,1
10021385,1
10033802,1
10038467,3
10039899,2
10040198,7
10040379,1
10052229,1
10095561,1
10126031,1
10218080,1
10257627,2
10314483,1
10317502,1
10349104,1
10415898,2
10415964,1
10416648,1
10435975,4
10442886,1
10442936,1
10442970,1
10442975,1
10442976,1
10442977,1
10446270,1
10446275,2
10467655,3
10489159,1
10490362,1
10491111,1
10534723,1
10589177,1
10591288,1
10592993,1
10594039,1
10608253,1
10611388,2
10653604,1
10670501,1
10672637,1
10727057,1
10794423,1
10838237,1
10866521,2
10958379,1
10961863,1
10987603,1
11035035,1
11099534,2
11112364,1
11134801,1
11155663,1
11164718,1
11317725,1
11436474,2
11515805,1
11516694,1
11542384,1
11549335,2
11616657,1
11671912,3
11672686,1
11673915,2
11728942,1
11771697,1
11802466,1
11877133,1
11877982,2
11879934,2
11967309,1
12040130,1
12093443,1
12146969,3
12306307,1
12340319,1
12385273,1
12411764,2
12428376,1
12435095,1
12544475,1
12551129,3
12634704,1
12679353,1
12700499,1
12711013,1
12741028,2
12745236,4
12798028,2
12840543,1
12899667,1
12979789,2
12983585,2
12997400,1
12997686,1
13015955,1
13027297,1
13102076,1
13174854,1
13186315,4
13222817,2
13315305,1
13319158,1
13352640,1
13360824,1
13431919,1
13433480,1
13499745,2
13509108,3
13516504,1
13544898,5
13573866,1
13655949,1
13662106,1
13666531,1
13668558,1
13674303,1
13690115,1
13793762,1
13794677,1
13817352,1
13818463,1
13845370,1
13851456,1
13893582,1
13913264,3
13918292,1
14002592,1
14058345,1
14058646,1
14079522,1
14090992,1
14148013,1
14201058,1
14234456,1
14244921,2
14258404,1
14275631,2
14279740,2
14284550,1
14286367,1
14289657,1
14312560,1
14313288,1
14427510,1
14438995,1
14473933,1
14546116,1
14552429,3
14601190,2
14629304,1
14699527,1
14734876,4
14739084,1
14829187,1
14845307,1
14849761,1
14871077,1
14879832,1
14895592,1
14915760,1
14942891,1
14991487,4
15001035,2
15009067,1
15032076,1
15032738,2
15034137,2
15035998,1
15036238,1
15063820,1
15080619,2
15100395,12
15119415,1
15177111,1
15177709,1
15193430,1
15237233,1
15382280,1
15441866,1
15461243,4
15477991,2
15486567,1
15488440,6
15519902,1
15526570,3
15532080,1
15558946,1
15572464,3
15576121,1
15589258,1
15656147,1
15666435,1
15713116,1
15714889,3
15718405,4
15748552,1
15760311,1
15790644,8
15808686,1
15838380,1
15857755,1
15902335,1
15908247,1
15919430,1
15923027,2
15943682,1
15951934,1
15984451,1
16009240,1
16018083,1
16036505,1
16051158,1
16059597,1
16061165,2
16081882,1
16091467,2
16116287,1
16129958,5
16159065,1
16188576,2
16249702,1
16266082,1
16285002,1
16301255,1
16323555,1
16332631,1
16334926,1
16350266,1
16418633,1
16448230,1
16473585,1
16525002,1
16529451,1
16531825,7
16554941,1
16572329,2
16607266,1
16722721,1
16819408,1
16832741,1
16833966,3
16890159,1
16901435,1
16937043,1
16972230,1
16994292,4
17056902,1
17067597,2
17069604,3
17101123,1
17136520,1
17147171,2
17152267,1
17152891,1
17165658,4
17179173,1
17190491,1
17234057,2
17236735,1
17268927,1
17299346,1
17313482,1
17371412,1
17375822,1
17423002,3
17432357,1
17457530,3
17473666,1
17480926,1
17529590,1
17536276,2
17580814,6
17617697,1
17640761,1
17672250,1
17682668,1
17710592,1
17717497,2
17730345,1
17730514,1
17739679,1
17764313,2
17817709,1
17826716,1
17852869,1
17873870,2
17906147,2
17907002,1
17947764,1
17971324,2
17985744,1
17996456,1
18017865,1
18020014,1
18020914,1
18039094,1
18046167,1
18069451,2
18089434,1
18115347,4
18126008,12
18139110,1
18156369,2
18160176,1
18201810,2
18209555,1
18266208,1
18267935,2
18271108,1
18275311,1
18326701,1
18327383,1
18327496,1
18411746,1
18456300,1
18457766,1
18470436,1
18472516,1
18478437,1
18493101,1
18495441,2
18532367,1
18552822,1
18592954,1
18600949,1
18603823,2
18620619,13
18663590,4
18694368,1
18715057,1
18719937,1
18747374,2
18761819,1
18839749,2
18900363,3
18904157,1
18929235,1
18956585,1
19025999,2
19047649,1
19049758,1
19051665,2
19060965,1
19073780,1
19086266,1
19108230,3
19122406,3
19178105,5
19246063,1
19294491,1
19328708,1
19352450,1
19353657,2
19386378,2
19415093,1
19473153,1
19508919,1
19514776,4
19524156,2
19545865,1
19575934,1
19625428,1
19638168,1
19684176,1
19688633,3
19712775,1
19718418,1
19750688,1
19753490,1
19756033,1
19782742,1
19783776,1
19794517,1
19799491,6
19821157,4
19833367,1
19842476,2
19844101,1
19853787,1
19880102,3
19892380,1
19897997,2
19899004,1
19914909,1
19916900,1
19940883,1
19959218,1
19961042,2
19961044,1
19961056,1
19965701,1
19986748,1
19993673,1
20005405,1
20006178,1
20016880,2
20020926,1
20030571,1
20035058,1
20035848,1
20041931,2
20044005,1
20086003,5
20107959,1
20117626,1
20122626,2
20136009,1
20157059,3
20170673,1
20198782,1
20239329,1
20252671,2
20266334,2
20266504,1
20268125,3
20281714,1
20284114,1
20291263,6
20319753,2
20341239,1
20345659,1
20367998,1
20372057,2
20387866,2
20405743,1
20463939,1
20469468,1
20527117,3
20531173,1
20531755,1
20540592,1
20542797,1
20550978,1
20567458,2
20606216,2
20632410,1
20634788,1
20652730,2
20682452,3
20753922,2
20770460,3
20782655,1
20811526,1
20822032,2
20835178,2
20837913,1
20871075,1
20941068,2
21009348,3
21054614,6
21067831,1
21085682,1
21103899,3
21144145,2
21175597,1
21182346,1
21183471,1
21256946,4
21263487,1
21285335,1
21296590,1
21323691,1
21329550,2
21329921,1
21368887,1
21376159,1
21377779,2
21388511,1
21390245,3
21396295,5
21401072,1
21450767,1
21457582,1
21469993,1
21480985,1
21481110,79
21522534,1
21528910,1
21536118,2
21542754,1
21544147,1
21549222,1
21585818,1
21596685,1
21612734,1
21613986,1
21627244,2
21640233,1
21642960,3
21661221,1
21667862,1
21710732,1
21739906,1
21783823,1
21798503,1
21806584,1
21825710,1
21833183,3
21833720,1
21853529,1
21868831,1
21889774,1
21895280,2
21895733,1
21898975,3
21908402,1
21915008,2
21921396,1
21927560,1
21929384,1
21930526,3
21943980,1
21957518,1
21964910,1
21987817,3
21989579,1
21992247,4
21995378,3
22005660,3
22011184,2
22025812,2
22027821,1
22036106,1
22058370,3
22066165,8
22069872,1
22087319,4
22088187,2
22098808,1
22212183,1
22234733,9
22235943,2
22237229,1
22265220,2
22275454,1
22291919,3
22319594,1
22320462,1
22366514,1
22397633,1
22402868,1
22435859,2
22456318,1
22475245,1
22484898,5
22497156,1
22520527,1
22535174,1
22535845,1
22542759,2
22556058,1
22573863,1
22574357,1
22584262,1
22603212,1
22621117,1
22626620,1
22632242,1
22637619,2
22677695,1
22696603,2
22704261,3
22712276,1
22718672,2
22736886,1
22741510,1
22760055,2
22772289,1
22773766,2
22777322,1
22802488,1
22803845,3
22826684,1
22836855,1
22839509,1
22842736,1
22857121,1
22857626,1
22891701,5
22899943,1
22906142,1
22925974,1
22939226,2
22942790,1
22973515,1
22987680,2
22988319,3
22998246,1
23008502,8
23013760,1
23025348,2
23029657,1
23034563,1
23038334,4
23043434,2
23048534,1
23049318,1
23059575,1
23076963,8
23079554,1
23116127,2
23125090,1
23131813,2
23141542,1
23149310,1
23158008,1
23188313,1
23215539,12
23223865,1
23230130,2
23243664,1
23265919,1
23271328,1
23280929,1
23305313,2
23331775,2
23350000,1
23362570,1
23362993,1
23363281,1
23370782,1
23394077,1
23419436,1
23431546,3
23478795,2
23478996,1
23481399,1
23500192,2
23505879,1
23509495,1
23524503,1
23541166,2
23546042,2
23549889,2
23551479,1
23557502,1
23564009,1
23571144,1
23572310,1
23581282,1
23587004,1
23591183,1
23672808,2
23675643,1
23679117,1
23681831,1
23682880,1
23682940,1
23696666,1
23717735,5
23720414,2
23728095,5
23735021,2
23775072,1
23778982,1
23779634,1
23804885,1
23808061,1
23808489,3
23810049,1
23811389,1
23813546,1
23820660,1
23820834,2
23823448,1
23840216,1
23848067,1
23853939,2
23863224,2
23884996,1
23885494,1
23890761,1
23892939,1
23894134,2
23894441,1
23901528,1
23903780,2
23924537,1
23979538,1
23980261,1
23986338,1
23990498,1
24008091,2
24012813,1
24016636,1
24016875,1
24030380,1
24037800,1
24070067,1
24071128,1
24076640,2
24087301,1
24103115,1
24113646,1
24117662,1
24147122,4
24155672,1
24212713,1
24237263,1
24247872,1
24252921,2
24266969,1
24279169,1
24293470,2
24309280,1
24312909,1
24320625,1
24333601,1
24333720,2
24353303,4
24358947,5
24382269,2
24382788,1
24384508,1
24388156,2
24398157,2
24404721,1
24423073,1
24432107,1
24451324,3
24467642,3
24546982,1
24548800,1
24571362,1
24580216,1
24589839,2
24602136,2
24609481,1
24612415,2
24658917,1
24660814,1
24661448,1
24664906,2
24695098,1
24703196,2
24707210,1
24712923,1
24764697,1
24770452,1
24785737,1
24790836,1
24793015,1
24800334,1
24806370,1
24814799,1
24818566,2
24829210,1
24850545,1
24877450,1
24911421,1
24916708,2
24919423,1
24952737,1
24954215,1
24958959,1
24962727,1
24963888,1
24967358,1
24968828,3
24989901,2
24994748,1
25000895,1
25004562,1
25042005,1
25046277,1
25057053,2
25086625,1
25096768,2
25106829,1
25110710,2
25111641,1
25133708,1
25135859,2
25136026,1
25138592,1
25138762,1
25157970,1
25173910,29
25180058,3
25180795,1
25183290,1
25184298,1
25185119,3
25189570,1
25221839,1
25250498,2
25254705,1
25259522,2
25260459,1
25269682,1
25273785,1
25274128,1
25276289,2
25281621,4
25284691,1
25307615,1
25332643,4
25334511,1
25339446,1
25345259,1
25370268,3
25383178,1
25383874,2
25384787,2
25392255,14
25392290,1
25400011,2
25400725,1
25404197,1
25406543,2
25412032,1
25415167,1
25416529,1
25440481,1
25449044,1
25449161,1
25450119,1
25450714,1
25483811,1
25484806,1
25488846,1
25492179,3
25492727,1
25503840,1
25527315,1
25533998,2
25584875,1
25601688,1
25607801,1
25610435,2
25614169,4
25614475,1
25627951,1
25645316,1
25658176,1
25659059,1
25692409,1
25711125,1
25717388,1
25742340,1
25744696,2
25745457,1
25757665,2
25780987,1
25789351,1
25796998,3
25797250,1
25803741,1
25811730,4
25830877,1
25830900,1
25836225,1
25837286,3
25844625,1
25849140,1
25877699,2
25889101,4
25890220,3
25890468,1
25893970,2
25899992,1
25924523,7
25940223,1
25941039,3
25943697,1
25984335,1
25996056,1
25999714,2
26002717,2
26031830,3
26037350,1
26039047,1
26040848,1
26043026,1
26045164,1
26047859,1
26051556,2
26055842,1
26056009,1
26059030,2
26063060,5
26091732,1
26094346,1
26096589,2
26097685,1
26125237,1
26125855,1
26138135,3
26140981,1
26142407,1
26146564,5
26158670,1
26162869,2
26171734,1
26180933,1
26193401,2
26194619,1
26194702,1
26197772,1
26226493,1
26234558,1
26234673,1
26250386,1
26258805,1
26275432,1
26277603,1
26287211,1
26288440,1
26296140,1
26301590,1
26326735,2
26336654,1
26338428,1
26346969,3
26347900,2
26348700,1
26349489,1
26354071,2
26354093,1
26354680,2
26363171,2
26372861,1
26379343,1
26382386,6
26383989,1
26391646,1
26392647,1
26393682,1
26393800,1
26406021,3
26407499,4
26416343,1
26452768,2
26454971,5
26456499,1
26477497,2
26485421,1
26488782,1
26493366,8
26497946,2
26499136,1
26502074,1
26503318,1
26510424,1
26512969,1
26514050,1
26520893,1
26532168,1
26561827,2
26567815,1
26583093,1
26594411,3
26597398,2
26601298,1
26607117,2
26611092,1
26615683,1
26626725,1
26643379,1
26645405,3
26648139,3
26648611,2
26650739,1
26657616,3
26659024,1
26661922,1
26665321,1
26668831,1
26688311,2
26690550,1
26697962,1
26708360,5
26716312,1
26718008,1
26720297,1
26729159,1
26731106,1
26731726,5
26736070,1
26739042,1
26758092,3
26758410,1
26760598,1
26785547,1
26808537,1
26815515,1
26820842,2
26821504,1
26823658,1
26823843,1
26832375,1
26832780,2
26839356,1
26843789,1
26845177,1
26845650,2
26846490,1
26847075,12
26849135,1
26850114,1
26863548,1
26875223,1
26879361,1
26879382,1
26879389,1
26879520,1
26879622,1
26879814,1
26885167,3
26890779,2
26891487,1
26908976,1
26923752,1
26944422,3
26945962,1
26978339,1
26980932,1
26987949,1
26993003,1
26995510,8
26998114,3
27003795,1
27007136,1
27007413,1
27008640,2
27011869,1
27017012,1
27017271,1
27019565,1
27020670,1
27021189,2
27027721,1
27032782,2
27038736,1
27043454,1
27044282,1
27050398,1
27055032,2
27056061,1
27057487,1
27058156,1
27059138,2
27059641,1
27064729,1
27093512,7
27096824,3
27102916,2
27103377,1
27105028,2
27106216,1
27108467,1
27114957,1
27125072,1
27126657,2
27141302,1
27141908,1
27144213,1
27144533,1
27145416,1
27146749,1
27146993,6
27149627,1
27150469,3
27157557,1
27171508,1
27176472,2
27187895,1
27188826,2
27191539,1
27192539,1
27200127,1
27200526,1
27200556,2
27211608,1
27216319,1
27217005,1
27220218,1
27236732,1
27242935,6
27254593,3
27256236,1
27256517,1
27256636,1
27265481,2
27280919,1
27282606,1
27287395,1
27287679,1
27288264,1
27289261,1
27291887,1
27310102,1
27314239,4
27315397,1
27317659,1
27320819,1
27322641,1
27332639,1
27344671,1
27349174,1
27355650,1
27356124,2
27364941,1
27367962,2
27384581,1
27407975,1
27409568,1
27416733,1
27418269,3
27423766,1
27432101,1
27440702,5
27447751,1
27456039,1
27456612,1
27460855,1
27465200,1
27466442,1
27470715,1
27477541,1
27485887,1
27492076,1
27506269,1
27506388,1
27507850,2
27508020,1
27511719,11
27514241,2
27524578,1
27546224,1
27547938,1
27550173,1
27552091,5
27553648,1
27563217,1
27569160,1
27572489,1
27575221,2
27577265,1
27580442,1
27589092,1
27590609,1
27590695,3
27609108,1
27614389,1
27618890,3
27619774,2
27626910,3
27637169,2
27638086,4
27649053,1
27650144,2
27654303,1
27655686,1
27658285,1
27663620,2
27664020,1
27667544,1
27667613,2
27670426,1
27676237,1
27676866,1
27677770,1
27681002,1
27685744,2
27685956,1
27689914,3
27690718,1
27690802,2
27692744,1
27696068,1
27697181,1
27712061,2
27720310,1
27727002,1
27728934,2
27733828,4
27733909,1
27734000,1
27736686,1
27741629,2
27744948,1
27745813,4
27746956,1
27769288,2
27775655,1
27779283,1
27788548,1
27802472,1
27805488,1
27815771,1
27822066,2
27823346,1
27831948,1
27833580,1
27834135,1
27839626,1
27839746,3
27840098,1
27842993,1
27844858,3
27845098,1
27845488,1
27846248,1
27847923,2
27847939,1
27851384,1
27854815,1
27858779,1
27880728,2
27881011,1
27885085,1
27893582,1
27896707,2
27897523,1
27897584,3
27899381,1
27899581,2
27900443,13
27901520,1
27906179,1
27910085,1
27911062,1
27916112,1
27922691,2
27930445,1
27930623,1
27932959,1
27936894,2
27937573,1
27938821,1
27939521,2
27941457,1
27944635,2
27945902,1
27946558,3
27947092,2
27947708,1
27948576,1
27949680,1
27951593,2
27951829,1
27952521,1
27953405,1
27954634,1
27960100,1
27976213,2
27977882,1
27977933,2
27978780,2
27979993,1
27980067,1
27985956,1
27989628,1
27990251,1
27992132,2
27999884,1
28001465,1
28001861,4
28002536,1
28003253,1
28004674,1
28006164,1
28006225,6
28008578,1
28009724,1
28010340,2
28010520,1
28012363,3
28014200,2
28014718,1
28018423,1
28020316,1
28020580,1
28022004,1
28022077,1
28022976,1
28029674,4
28032980,1
28033620,1
28040555,1
28043560,1
28048763,1
28049722,1
28051911,1
28054735,1
28056637,1
28056661,2
28057928,1
28059485,1
28059809,1
28060045,1
28060257,1
28063675,1
28064757,2
28065647,1
28068237,1
28070100,2
28070716,1
28072019,1
28075659,1
28076477,1
28077075,1
28077836,1
28083399,2
28090675,5
28101516,1
28108871,1
28109544,3
28111766,3
28112598,1
28116086,1
28117924,1
28118339,2
28122442,1
28122991,1
28123202,1
28140616,2
28149978,2
28152187,1
28153594,1
28153948,1
28154502,1
28157780,1
28158260,1
28159277,1
28159475,2
28159605,1
28160579,1
28166542,1
28168069,1
28168527,1
28171448,1
28173897,1
28173900,2
28178347,1
28186451,1
28192167,5
28193372,1
28199681,1
28201380,2
28201627,1
28202866,2
28203701,2
28203862,1
28203975,1
28206813,2
28207995,1
28208090,1
28209234,2
28209294,1
28209925,1
28210970,1
28212737,1
28213857,2
28214445,2
28215322,1
28215391,1
28215910,1
28217013,1
28217706,1
28218494,1
28229892,2
28230641,1
28235730,3
28237285,1
28238714,1
28242145,2
28242839,3
28245960,1
28246827,1
28248830,1
28249752,1
28249865,1
28250120,2
28251230,1
28251352,4
28254077,6
28254325,1
28254547,1
28255312,1
28258232,1
28258658,1
28260983,1
28261227,2
28269859,2
28271647,1
28271697,1
28273107,4
28275582,1
28275735,1
28276886,1
28277457,2
28278313,1
28279262,1
28279752,1
28280392,3
28280752,1
28280787,1
28281419,2
28282710,1
28284009,2
28285123,1
28286311,2
28286640,1
28289272,1
28289664,2
28290209,1
28292014,1
28292022,1
28292130,2
28302097,1
28309288,1
28311409,2
28313408,1
28313450,1
28313768,1
28314241,1
28315501,1
28317311,1
28317581,1
28319466,1
28320255,1
28320317,1
28321956,3
28322495,1
28325104,1
28327047,1
28328967,3
28331016,2
28333790,1
28334170,2
28335773,1
28336819,1
28341661,1
28343735,1
28350031,1
28354602,1
28354666,2
28356459,1
28356801,1
28357187,6
28357443,1
28357820,1
28358863,2
28360533,2
28362304,1
28363453,1
28364831,2
28365135,1
28367645,1
28368289,2
28368826,1
28368906,2
28369706,1
28370114,1
28370207,7
28370316,2
28370383,1
28373474,6
28375589,1
28382883,1
28383560,1
28384550,3
28387948,3
28390447,2
28391980,1
28402488,3
28404306,2
28405862,2
28406300,2
28410918,1
28412275,1
28412516,2
28413548,1
28415488,3
28416782,4
28419735,1
28420979,1
28421758,1
28422062,2
28422819,1
28424407,1
28425663,1
28426815,1
28428078,3
28430461,1
28434357,1
28435190,3
28436458,1
28437213,2
28441264,1
28442158,1
28447424,1
28447564,1
28448365,1
28451238,3
28452544,1
28452652,2
28453037,1
28456309,1
28456975,1
28457115,2
28459354,1
28460218,1
28460492,1
28460593,1
28461053,2
28463415,2
28464039,1
28464320,4
28464657,1
28464834,1
28465891,1
28467587,1
28467768,1
28468140,1
28468274,1
28468923,3
28469652,1
28470344,2
28470789,1
28471338,1
28471970,1
28472734,1
28473168,1
28474720,3
28477784,1
28478834,3
28478929,1
28478944,1
28481110,1
28482774,2
28488098,1
28488367,1
28488449,1
28488471,1
28488854,1
28489657,1
28489784,1
28489979,1
28490006,2
28490432,1
28491274,1
28491408,1
28491996,1
28492157,1
28492762,6
28493611,1
28493821,1
28493883,1
28494918,1
28495174,1
28495624,1
28496881,3
28498113,1
28504409,1
28505561,1
28507256,1
28507862,1
28507874,1
28508978,1
28513164,1
28516522,3
28517428,1
28517950,1
28518336,2
28518572,1
28519068,1
28519238,1
28519471,1
28519555,1
28519640,1
28520835,2
28521029,2
28521289,1
28521524,2
28521568,1
28523417,1
28523545,1
28523648,1
28523661,1
28524073,1
28524925,1
28525122,1
28527147,1
28527603,1
28527820,5
28529596,1
28530222,2
28530546,1
28530776,1
28530868,2
28531105,1
28531445,1
28531556,1
28533537,1
28533774,2
28534313,1
28534956,1
28535857,1
28535863,1
28536680,3
28537702,2
28538344,1
28538540,1
28539450,2
28540040,4
28540549,1
28540757,1
28542559,1
28542720,1
28542904,2
28543105,4
28543683,4
28544148,4
28544274,1
28544426,1
28544771,1
28544805,2
28545508,1
28546174,1
28546246,2
28546397,1
28546446,2
28546548,1
28547116,1
28547499,4
28547673,1
28548276,1
28548328,1
28548728,1
28549025,2
28549258,1
28550096,1
28550133,1
28550435,2
28550492,1
28550560,2
28550937,1
28551416,1
28551492,1
28551531,1
28552156,1
28553113,1
28554078,1
28554957,2
28554993,1
28555160,1
28555690,2
28555893,1
28556360,1
28557787,1
28558018,1
28560302,1
28562333,1
28562428,1
28563619,3
28564984,1
28568091,1
28568553,1
28569531,1
28570090,1
28570150,2
28570305,2
28570910,2
28571137,1
28571145,1
28571158,1
28571212,3
28571384,2
28571587,1
28572292,1
28572633,2
28572674,1
28573050,2
28573105,1
28573657,3
28573895,1
28574340,1
28574433,1
28574862,1
28575671,1
28575703,1
28575999,1
28576167,1
28576514,1
28577652,1
28578059,1
28579201,1
28579677,1
28580097,1
28580397,1
28580409,2
28581993,1
28582002,1
28582477,2
28585822,1
28586081,1
28586913,5
28588953,1
28589085,3
28589622,1
28591826,2
28595187,2
28595435,4
28595466,2
28596332,1
28598602,3
28598724,1
28599608,1
28601664,1
28602442,1
28603059,1
28603543,1
28603757,1
28604764,1
28604834,1
28605092,1
28605427,4
28606142,1
28606532,3
28606962,1
28607644,1
28607843,4
28608274,3
28608373,1
28609047,2
28609230,1
28609472,1
28609731,4
28609910,1
28609998,1
28610133,1
28610369,4
28610415,1
28610523,1
28610547,1
28610560,3
28611069,2
28611446,1
28611597,2
28611719,1
28612055,1
28612080,1
28612522,1
28612714,1
28613203,9
28613211,1
28613611,1
28613718,1
28613776,1
28614339,1
28615103,3
28615167,1
28615195,1
28615868,1
28616049,1
28616088,1
28616410,2
28616861,1
28616939,1
28617601,1
28617774,2
28618969,1
28619818,1
28620032,1
28620211,2
28620299,8
28620312,2
28620734,2
28621069,1
28621174,2
28623192,2
28625031,1
28625840,1
28625867,1
28625970,1
28631940,3
28631947,2
28632361,1
28632608,2
28633224,6
28633342,2
28633990,2
28634007,1
28634222,1
28634384,1
28634424,1
28635182,2
28635375,1
28635402,5
28635513,2
28635890,2
28635941,1
28636657,1
28637357,1
28638965,1
28639200,5
28639483,1
28639871,1
28639904,1
28639950,1
28640290,3
28640662,9
28641135,1
28641703,1
28641769,1
28642034,1
28642465,2
28642665,1
28642721,1
28642919,1
28643047,1
28643264,1
28643363,1
28643519,2
28643777,1
28644168,1
28644255,1
28644664,3
28644710,1
28644972,2
28645077,1
28645091,1
28645199,1
28645692,2
28645826,2
28645832,1
28646094,1
28646347,1
28646555,1
28646975,2
28647002,1
28647308,3
28647496,2
28647528,5
28647685,1
28647997,2
28648040,2
28648343,1
28648528,12
28648586,2
28648808,2
28648815,2
28648852,5
28648883,1
28649126,2
28649235,1
28649263,1
28649440,1
28649464,1
28649581,1
28649593,1
28649829,5
28650038,20
28650418,4
28650454,1
28650471,1
28650485,1
28650616,1
28650635,1
28650641,1
28650841,1
28651176,3
28651298,2
28651421,2
28651515,1
28652857,2
28652876,3
28653103,1
28653107,1
28653140,1
28653186,1
28653200,1
28653536,1
28653566,4
28653599,1
28653992,2
28654233,1
28654239,7
28654260,1
28654334,1
28654546,1
28654719,1
28654922,1
28655105,1
28655113,1
28655268,1
28655609,1
28656308,1
28656501,1
28656590,1
28656871,1
28657214,3
28657371,2
28657383,1
28657466,1
28657642,2
28657737,2
28657751,18
28657936,1
28657952,3
28658120,1
28658682,3
28659201,1
28659820,2
28660389,1
28660671,1
28660708,2
28660912,1
28661023,1
28661304,1
28661427,2
28662138,4
28662515,2
28662798,1
28663198,1
28663473,1
28663515,1
28664499,1
28664614,4
28664750,4
28665128,1
28665140,1
28665709,2
28665748,1
28665759,3
28665904,1
28666633,3
28666777,1
28666839,1
28666884,2
28666898,2
28666900,2
28667121,1
28667487,2
28667688,1
28667691,1
28667818,1
28667976,1
28667990,1
28668128,2
28668433,1
28669115,6
28669146,4
28669435,18
28670161,2
28670185,2
28670194,3
28670264,3
28670488,1
28670845,5
28670957,2
28671124,4
28671165,2
28671192,1
28671245,2
28671282,2
28671397,1
28671399,1
28671402,2
28671681,1
28671701,1
28671714,1
28671838,1
28671919,1
28672074,3
28672105,2
28672165,2
28672207,1
28672247,2
28672516,1
28672554,2
28672670,1
28672989,1
28673012,1
28673271,6
28673392,1
28673499,2
28673695,1
28673700,2
28673837,3
28673850,1
28673858,1
28673871,1
28673876,2
28673882,1
28673893,1
28673915,1
28673982,1
28674069,1
28674076,2
28674110,1
28674120,1
28674151,1
28674164,1
28674177,4
28674263,1
28674338,1
28674349,1
28674489,1
28674491,2
28674532,1
28674603,1
28674650,2
28674656,2
28674787,3
28674794,1
28674828,1
28674886,1
28674894,4
28674974,2
28674978,1
28675026,1
28675054,1
28675057,1
28675131,1
28675157,9
28675188,1
28675197,1
28675268,1
28675293,1
28675308,1
28675414,1
28675501,8
28675537,1
28675554,1
28675638,1
28675656,1
28675663,2
28675693,2
28675707,3
28675709,1
28675712,1
28675713,1
28675866,3
28675900,1
28675935,1
28676004,1
28676081,3
28676091,1
28676110,2
28676122,1
28676124,3
28676137,1
28676149,2
28676190,3
28676214,1
28676222,1
28676236,1
28676296,1
28676298,2
28676299,1
28676316,1
28676343,1
28676383,3
28676431,1
28676483,2
28676506,2
28676524,1
28676548,1
28676566,3
28676583,1
28676586,6
28676639,2
28676647,1
28676656,1
28676685,1
28676704,5
28676762,1
28676780,1
28676842,4
28676854,6
28676860,1
28676895,1
28676936,2
28676937,1
28676949,1
28676958,1
28677028,1
28677045,1
28677070,1
28677072,1
28677080,1
28677084,2
28677098,1
28677118,1
28677119,2
28677149,2
28677160,1
28677192,2
28677207,1
28677217,3
28677218,12
28677219,3
28677238,2
28677261,1
28677282,2
28677283,14
28677288,2
28677292,1
28677313,1
28677316,2
28677357,2
28677361,4
28677363,1
28677368,8
28677380,1
28677388,1
28677419,1
28677427,8
28677428,1
28677431,1
28677442,2
28677445,1
28677451,1
28677452,2
28677457,1
28677459,1
28677460,1
28677465,4
28677471,1
28677478,1
28677480,1
28677485,1
28677491,1
28677492,4
28677493,2
28677494,1
28677503,2
28677504,2
28677509,1
28677510,3
28677511,1
28677524,1
28677525,1
28677526,2
28677532,1
28677535,2
28677537,2
28677540,2
28677548,2
28677555,1
28677556,1
28677558,1
28677563,9
28677565,1
28677568,2
28677573,2
28677574,5
28677575,1
28677577,3
28677579,1
28677582,3
28677587,5
28677588,1
28677591,1
28677593,1
28677594,1
28677596,1
28677601,1
28677604,1
28677612,4
28677613,1
28677614,3
28677622,1
28677630,1
28677636,1
28677638,3
28677639,1
28677642,1
28677643,1
28677644,2
28677645,2
28677648,1
28677650,1
28677651,1
28677653,1
28677656,1
28677660,1
28677661,6
28677664,1
28677666,1
28677674,1
28677677,1
28677679,5
28677680,4
28677683,1
28677687,1
28677700,2
28677701,8
28677702,2
28677704,1
28677709,1
28677711,18
28677714,7
28677716,1
28677718,1
28677720,1
28677726,2
28677727,1
28677730,1
28677735,1
28677736,1
28677737,1
28677746,1
28677758,3
28677761,1
28677762,1
28677764,1
28677766,3
28677767,1
28677769,1
28677779,1
28677785,1
28677789,1
28677793,1
28677796,3
28677797,1
28677803,1
28677804,1
28677820,1
28677829,1
28677831,4
28677835,2
28677838,1
28677839,3
28677844,1
28677863,1
28677864,1
28677867,1
28677872,4
28677878,1
28677880,2
28677884,1
28677895,1
28677902,1
28677903,1
28677909,2
28677920,1
28677927,4
28677931,1
28677933,2
28677936,1
28677946,4
28677952,2
28677957,1
28677962,1
28677966,1
28677976,2
28677980,1
28677988,1
28677997,2
28678001,1
28678021,1
28678022,2
28678024,2
28678025,1
28678026,1
28678041,1
28678046,1
28678067,1
28678075,1
28678105,1
28678107,1
28678120,2
28678122,1
28678145,1
28678147,1
28678173,1
28678176,1
28678194,1
